<?xml version='1.0' encoding='UTF-8' ?>
<beans xmlns="http://www.springframework.org/schema/beans"
       xmlns:xsi="http://www.w3.org/2001/XMLSchema-instance"
       xmlns:p="http://www.springframework.org/schema/p"
       xmlns:aop="http://www.springframework.org/schema/aop"
       xmlns:tx="http://www.springframework.org/schema/tx"
       xmlns:mvc="http://www.springframework.org/schema/mvc"
       xmlns:context="http://www.springframework.org/schema/context"
       xsi:schemaLocation="http://www.springframework.org/schema/beans 
            http://www.springframework.org/schema/beans/spring-beans-4.0.xsd
            http://www.springframework.org/schema/aop 
            http://www.springframework.org/schema/aop/spring-aop-4.0.xsd
            http://www.springframework.org/schema/tx 
            http://www.springframework.org/schema/tx/spring-tx-4.0.xsd
            http://www.springframework.org/schema/mvc 
            http://www.springframework.org/schema/mvc/spring-mvc-4.0.xsd
            http://www.springframework.org/schema/context 
            http://www.springframework.org/schema/context/spring-context.xsd">

    <bean class="org.springframework.web.servlet.mvc.support.ControllerClassNameHandlerMapping"/>

    <context:component-scan base-package="edu.darshandedhia.info6250.controller" />
    <mvc:annotation-driven />
    
    <!-- Dao Class Beans Declaration -->
    <bean id="userDao" class="edu.darshandedhia.info6250.dao.UserDao" />
    <bean id="authDao" class="edu.darshandedhia.info6250.dao.AuthDao" />
    <bean id="transactionsDao" class="edu.darshandedhia.info6250.dao.TransactionsDao" />
    <bean id="groupDao" class="edu.darshandedhia.info6250.dao.GroupDao" />
    
    <!-- Service Class Beans Declaration -->
    <bean id="userService" class="edu.darshandedhia.info6250.service.UserService"/>
    <bean id="authService" class="edu.darshandedhia.info6250.service.AuthService"/>
    <bean id="transactionService" class="edu.darshandedhia.info6250.service.TransactionService"/>
    <bean id="groupService" class="edu.darshandedhia.info6250.service.GroupService"/>
    
    <!-- Validator Class Beans Declaration -->
    <bean id="userValidator" class="edu.darshandedhia.info6250.validator.UserValidator"/>
    
    <!-- Utils class beans declaration -->
    <bean id="jwtUtils" class="edu.darshandedhia.info6250.config.JWTUtils"/>
</beans>